{"capital-gain_mean": 1078.4437409718166, "capital-gain_var": 54580237.36795856, "capital-loss_mean": 87.36822694163568, "capital-loss_var": 162486.0937785602, "fnlwgt_mean": 189780.84851092604, "fnlwgt_var": 11141826125.88371}